First Name,Last Name,Birthday,Zip Code
KEHLANI,CORTES,11/29/1938,14218
LUCIANA,SIMON,3/25/1941,14213
ALISON,WARNER,5/4/1925,14208
ESTEBAN,BARTON,9/10/2010,14220
AMORA,BAUER,7/12/1913,14202
JOURNEE,PAYNE,9/21/1918,14203
EDWIN,CALLAHAN,8/13/1949,14214
BRAYLEN,PETERSON,4/25/1938,14203
ADA,RICHMOND,10/5/1986,14202
KENDRICK,SPENCE,10/28/1921,14214
LYLA,CASTRO,6/15/1923,14202
DAMON,JENNINGS,10/6/1933,14208
GABRIELA,BROWNING,10/21/1988,14220
KAMRYN,WHITAKER,1/20/1904,14204
AALIYAH,MALONE,10/9/1928,14223
FRANK,BLANKENSHIP,10/10/2006,14218
THEODORE,DURHAM,9/16/1946,14218
TAYLOR,BARTLETT,10/29/1960,14212
ZOE,COMPTON,5/4/1930,14206
AARON,GUERRERO,5/9/1942,14215
KORA,CANNON,11/26/1990,14215
SAVANNAH,PORTER,3/25/1936,14214
TREVOR,HUTCHINSON,2/10/1971,14225
SELAH,CUEVAS,1/11/1990,14212
JUDE,BULLOCK,12/5/1918,14201
SEAN,SHAW,9/29/2001,14212
ROWAN,BAUER,7/14/1950,14208
HAYDEN,TORRES,12/1/2008,14223
MICHELLE,OLIVER,6/18/1962,14223
HUDSON,BRANCH,2/1/1992,14212
LONDYN,BECK,2/30/1949,14213
AMY,ODONNELL,9/28/1997,14210
MATILDA,MORSE,9/4/1943,14203
BECKETT,GARZA,7/28/1959,14203
PIPER,GONZALEZ,11/11/1996,14214
ROSALIE,ROBERTS,12/16/1992,14208
EDWIN,RHODES,11/19/1922,14208
ALICE,HEBERT,8/10/1970,14204
SELENA,ESPINOZA,2/26/1980,14207
DYLAN,BAUER,1/1/1995,14201
AZALEA,GRIFFIN,10/3/1957,14201
CLARK,GARRISON,12/28/1972,14223
GEORGIA,MORRISON,10/18/1974,14213
GRAHAM,DAVILA,8/25/1986,14208
CALVIN,CURRY,6/19/1980,14223
JEREMY,MURILLO,2/31/2004,14211
LUCA,WRIGHT,1/18/2008,14216
ISABELLA,MEYER,4/23/1910,14207
ZAYDEN,GLASS,4/15/1991,14201
EDITH,SCHROEDER,6/22/1969,14207
ALONZO,HANNA,6/6/1998,14215
SEBASTIAN,BARBER,8/21/1918,14207
NATALIA,CHAN,6/20/1937,14222
AUTUMN,PITTS,6/23/1956,14216
BRIANNA,TUCKER,4/11/1906,14216
KYLA,MCKAY,10/30/1924,14207
LEON,NOBLE,3/10/1950,14213
ROYCE,ARCHER,9/13/1960,14212
ALLIE,GEORGE,11/6/1986,14213
LUCY,SHAW,11/6/1971,14208
ISABELLA,MITCHELL,4/23/1946,14210
ANIYAH,QUINTANA,5/2/1906,14201
FINN,GUZMAN,1/19/2010,14202
CORBIN,WEAVER,8/15/1983,14222
KAIDEN,HEBERT,5/29/1988,14218
MADELYN,RIVERA,12/21/1995,14218
TRIPP,SPENCE,5/22/1981,14208
AIDAN,CURRY,2/8/1902,14202
ALIYAH,MUNOZ,7/6/1941,14203
MIRA,MARQUEZ,5/12/1963,14211
COLLIN,TORRES,10/4/1967,14211
ABRAHAM,NELSON,10/1/1922,14214
XANDER,WHITAKER,12/10/1968,14214
TRIPP,HARDY,1/2/2007,14225
WILLA,GUEVARA,5/13/1906,14218
ADELINE,SIERRA,2/11/1926,14222
BRADLEY,POOLE,12/12/2004,14213
ERICK,MCMILLAN,6/22/1915,14203
LYLA,SHEPHERD,12/10/1928,14214
KAIA,NAVA,12/4/1968,14213
GIOVANNI,CURRY,10/12/1913,14220
FRANCESCA,SALINAS,12/12/1905,14210
JAXON,VILLA,12/26/2001,14222
COLLIN,TREJO,7/25/1912,14209
STERLING,ALEXANDER,10/4/1947,14204
JULIANA,DORSEY,1/20/1974,14207
NOA,JARVIS,10/12/1924,14214
ENZO,HENDRIX,4/11/1913,14218
ALANA,PRINCE,4/18/1959,14225
PIPER,MAGANA,5/25/2001,14209
CHRISTOPHER,CERVANTES,11/8/1982,14210
CONOR,BEAN,3/16/1903,14212
TITUS,VILLEGAS,11/24/1931,14203
FERNANDO,JENSEN,3/19/1940,14209
JENNIFER,GUZMAN,7/24/1913,14211
PAYTON,GALINDO,5/21/1936,14218
PAXTON,RUSSO,10/29/1998,14211
KAYLANI,WEBB,10/4/1934,14203
ELSIE,FUENTES,4/18/1939,14206
NAYELI,FLETCHER,6/25/1914,14208
